Rank,AllPos,AllNeg,TopPos,TopNeg,Movie,ReleaseDate,ReleaseMonth,Revenues,year
1,238,48,38,3,Avatar (Fox),12/18/09,Dec,760507625.00,2009
2,145,21,36,8,Titanic (Paramount),12/19/97,Dec,658672302.00,1997
3,268,22,38,7,Marvel's The Avengers (Disney),5/4/12,May,623357910.00,2012
4,268,18,42,4,The Dark Knight (Warner Bros.),7/18/08,Jul,534858444.00,2008
5,107,81,19,31,Star Wars: Episode I - The Phantom Menace (Fox),5/19/99,May,474544249.00,1999
6,63,4,15,2,Star Wars (Fox),5/25/77,May,460998882.00,1977
7,256,39,34,11,The Dark Knight Rises (Warner Bros.),7/20/12,Jul,448139099.00,2012
8,185,23,36,5,Shrek 2 (DreamWorks),5/19/04,May,441226414.00,2004
9,92,2,17,1,E.T.: The Extra-Terrestrial (Universal),6/11/82,Jun,435110890.00,1982
10,119,101,16,25,Pirates of the Caribbean: Dead Man's Chest (Disney),7/7/06,Jul,423315199.00,2006
11,84,10,14,1,The Lion King (Disney),6/15/94,Jun,422783937.00,1994
12,252,3,41,0,Toy Story 3 (Disney),6/18/10,Jun,415004880.00,2010
13,225,41,32,9,The Hunger Games (Lionsgate),3/23/12,Mar,408010692.00,2012
14,193,23,31,6,Spider-Man (Sony / Columbia),5/3/02,May,403706983.00,2002
15,49,190,7,34,Transformers: Revenge of the Fallen (Paramount / DreamWorks),6/24/09,Jun,402111347.00,2009
16,267,10,43,0,Harry Potter and the Deathly Hallows: Part 2 (Warner Bros.),7/15/11,Jul,381011219.00,2011
17,203,51,30,14,Star Wars: Episode III - Revenge of the Sith (Fox),5/19/05,May,380270448.00,2005
18,223,2,45,0,Finding Nemo (Disney),5/30/03,May,380230842.00,2003
19,230,14,43,1,The Lord of the Rings: The Return of the King (New Line),12/17/03,Dec,377027863.00,2003
20,226,16,43,2,Spider-Man 2 (Sony / Columbia),6/30/04,Jun,373524311.00,2004
21,131,135,18,31,The Passion of the Christ (Newmarket),2/25/04,Feb,370773682.00,2004
22,44,5,9,1,Jurassic Park (Universal),6/11/93,Jun,357067990.00,1993
23,85,154,10,31,Transformers: Dark of the Moon (Paramount / DreamWorks),6/28/11,Jun,352390543.00,2011
24,213,9,39,0,The Lord of the Rings: The Two Towers (New Line),12/18/02,Dec,341786621.00,2002
25,154,90,20,27,Spider-Man 3 (Sony / Columbia),5/4/07,May,336530590.00,2007
26,134,127,23,16,Alice in Wonderland (2010) (Disney),3/5/10,Mar,334191110.00,2010
27,40,16,9,4,Forrest Gump (Paramount),7/6/94,Jul,329694570.00,1994
28,84,122,19,22,Shrek the Third (Paramount / DreamWorks),5/18/07,May,322719455.00,2007
29,125,95,29,13,Transformers (Paramount / DreamWorks),7/3/07,Jul,319246139.00,2007
30,223,15,40,4,Iron Man (Paramount),5/2/08,May,318412855.00,2008
31,147,38,30,11,Harry Potter and the Sorcerer's Stone (Warner Bros.),11/16/01,Nov,317575047.00,2001
32,198,57,27,16,Indiana Jones and the Kingdom of the Crystal Skull (Paramount),5/22/08,May,317101243.00,2008
33,192,17,36,3,The Lord of the Rings: The Fellowship of the Ring (New Line),12/19/01,Dec,314776383.00,2001
34,200,68,26,14,Iron Man 2 (Paramount),5/7/10,May,312128345.00,2010
35,145,73,17,24,Star Wars: Episode II - Attack of the Clones (Fox),5/16/02,May,310676344.00,2002
36,98,121,14,28,Pirates of the Caribbean: At World's End (Disney),5/25/07,May,309420379.00,2007
37,52,14,15,4,Return of the Jedi (Fox),5/25/83,May,309306996.00,1983
38,34,22,11,6,Independence Day (Fox),7/3/96,Jul,306169262.00,1996
39,161,44,28,13,Pirates of the Caribbean: The Curse of the Black Pearl (Disney),7/9/03,Jul,305413236.00,2003
40,215,42,39,5,Harry Potter and the Half-Blood Prince (Warner Bros.),7/15/09,Jul,301959187.00,2009
41,114,119,24,14,The Twilight Saga: Eclipse (Summit),6/30/10,Jun,300531751.00,2010
42,59,159,18,26,The Twilight Saga: New Moon (Summit),11/20/09,Nov,296639747.00,2009
43,196,52,30,11,Harry Potter and the Deathly Hallows: Part 1 (Warner Bros.),11/19/10,Nov,295983305.00,2010
44,114,20,25,7,The Sixth Sense (Disney),8/6/99,Aug,293506977.00,1999
45,273,5,39,2,Up (Disney),5/29/09,May,293003689.00,2009
46,245,39,34,8,Inception (Warner Bros.),7/16/10,Jul,292576195.00,2010
47,186,53,30,13,Harry Potter and the Order of the Phoenix (Warner Bros.),7/11/07,Jul,292004517.00,2007
48,161,50,30,10,"The Chronicles of Narnia: The Lion, the Witch and the Wardrobe (Disney)",12/9/05,Dec,291710571.00,2005
49,69,2,16,2,The Empire Strikes Back (Fox),5/21/80,May,290271915.00,1980
50,195,27,34,5,Harry Potter and the Goblet of Fire (Warner Bros.),11/18/05,Nov,290013999.00,2005
51,22,19,5,2,Home Alone (Fox),11/16/90,Nov,285761269.00,1990
52,173,63,31,13,The Matrix Reloaded (Warner Bros.),5/15/03,May,281553328.00,2003
53,47,145,11,27,The Twilight Saga: Breaking Dawn - Part 1 (Lionsgate / Summit),11/18/11,Nov,281287133.00,2011
54,60,97,15,24,Meet the Fockers (Universal),12/16/04,Dec,279261547.00,2004
55,172,47,28,8,The Hangover (Warner Bros.),6/5/09,Jun,277322696.00,2009
56,83,91,15,18,The Twilight Saga: Breaking Dawn - Part 2 (Lionsgate / Summit),11/16/12,Nov,276826143.00,2012
57,257,23,41,4,Skyfall (Sony / Columbia),11/8/12,Nov,271921795.00,2012
58,156,20,33,5,Shrek (DreamWorks),5/16/01,May,267665130.00,2001
59,202,74,31,10,The Amazing Spider-Man (Sony / Columbia),7/3/12,Jul,262030663.00,2012
60,169,35,27,12,Harry Potter and the Chamber of Secrets (Warner Bros.),11/15/02,Nov,261988168.00,2002
61,223,7,42,2,The Incredibles (Disney),11/5/04,Nov,261441580.00,2004
62,69,60,16,15,How the Grinch Stole Christmas (Universal),11/17/00,Nov,260044175.00,2000
63,52,0,5,0,Jaws (Universal),6/20/75,Jun,260000591.00,1975
64,279,16,42,3,Star Trek (Paramount),5/8/09,May,257730024.00,2009
65,147,64,27,18,I Am Legend (Warner Bros.),12/14/07,Dec,256393949.00,2007
66,126,64,16,10,The Blind Side (Warner Bros.),11/20/09,Nov,255959000.00,2009
67,160,8,30,4,"Monsters, Inc. (Disney)",11/2/01,Nov,255873023.00,2001
68,79,150,9,31,The Hangover Part II (Warner Bros.),5/26/11,May,254464305.00,2011
69,40,16,4,3,Batman (1989) (Warner Bros.),6/23/89,Jun,252101403.00,1989
70,153,36,29,4,Despicable Me (Universal),7/9/10,Jul,251513985.00,2010
71,57,73,13,17,Night at the Museum (Fox),12/22/06,Dec,250863213.00,2006
72,65,7,16,3,Men in Black (Sony / Columbia),7/2/97,Jul,250690756.00,1997
73,209,22,39,4,Harry Potter and the Prisoner of Azkaban (Warner Bros.),6/4/04,Jun,249538372.00,2004
74,55,3,4,2,Raiders of the Lost Ark (Paramount),6/12/81,Jun,248159971.00,1981
75,161,0,38,0,Toy Story 2 (Disney),11/19/99,Nov,245852199.00,1999
76,143,51,30,11,Cars (Disney),6/9/06,Jun,244082964.00,2006
77,89,94,21,17,Bruce Almighty (Universal),5/23/03,May,242829757.00,2003
78,30,21,8,3,Twister (1996) (Warner Bros.),5/10/96,May,241721884.00,1996
79,98,31,18,8,My Big Fat Greek Wedding (IFC Films),4/19/02,Apr,241438568.00,2002
80,84,168,11,28,Pirates of the Caribbean: On Stranger Tides (Disney),5/20/11,May,241071802.00,2011
81,49,3,3,2,Ghostbusters (Columbia),6/8/84,Jun,238632654.00,1984
82,108,80,14,19,Shrek Forever After (Paramount / DreamWorks),5/21/10,May,238395990.00,2010
83,165,47,28,12,Brave (Disney),6/22/12,Jun,237211825.00,2012
84,34,7,4,2,Beverly Hills Cop (Paramount),12/5/84,Dec,234760312.00,1984
85,130,99,23,21,X-Men: The Last Stand (Fox),5/26/06,May,234362795.00,2006
86,186,65,29,14,War of the Worlds (Paramount),6/29/05,Jun,234280479.00,2005
87,138,16,31,4,Cast Away (Fox),12/22/00,Dec,233632386.00,2000
88,33,30,7,7,The Lost World: Jurassic Park (Universal),5/23/97,May,229086940.00,1997
89,166,59,23,17,Signs (Disney),8/2/02,Aug,227966979.00,2002
90,87,128,14,27,Hancock (Sony / Columbia),7/2/08,Jul,227946076.00,2008
91,221,15,40,1,The Bourne Ultimatum (Universal),8/3/07,Aug,227471923.00,2007
92,66,61,18,16,Rush Hour 2 (New Line),8/3/01,Aug,226164771.00,2001
93,226,9,41,1,WALL-E (Disney),6/27/08,Jun,223808838.00,2008
94,43,82,9,18,National Treasure: Book of Secrets (Disney),12/21/07,Dec,219964410.00,2007
95,17,65,3,17,Alvin and the Chipmunks: The Squeakquel (Fox),12/23/09,Dec,219615000.00,2009
96,35,14,7,1,Mrs. Doubtfire (Fox),11/24/93,Nov,219195038.00,1993
97,85,7,23,1,Beauty and the Beast (1991) (Disney),11/13/91,Nov,218967717.00,1991
98,135,60,23,14,Ted (2012) (Universal),6/29/12,Jun,218665740.00,2012
99,216,42,35,9,King Kong (2005) (Universal),12/14/05,Dec,218135164.00,2005
100,36,8,5,0,Ghost (Paramount),7/13/90,Jul,217631141.00,1990
101,169,3,28,2,How to Train Your Dragon (Paramount / DreamWorks),3/26/10,Mar,217581231.00,2010
102,55,165,4,40,The Da Vinci Code (Sony / Columbia),5/19/06,May,217536399.00,2006
103,48,4,10,0,Aladdin (Disney),11/11/92,Nov,217350045.00,1992
104,28,80,6,20,Alvin and the Chipmunks (Fox),12/14/07,Dec,217326629.00,2007
105,95,27,15,11,Madagascar 3: Europe's Most Wanted (Paramount / DreamWorks),6/8/12,Jun,216391482.00,2012
106,88,7,18,2,Saving Private Ryan (DreamWorks),7/24/98,Jul,216335032.00,1998
107,147,20,28,8,Kung Fu Panda (Paramount / DreamWorks),6/6/08,Jun,215434591.00,2008
108,81,60,19,12,Mission: Impossible II (Paramount),5/24/00,May,215409290.00,2000
109,195,27,34,7,X2: X-Men United (Fox),5/2/03,May,214949672.00,2003
110,80,66,13,14,Dr. Seuss' The Lorax (Universal),3/2/12,Mar,214030500.00,2012
111,99,83,22,16,Austin Powers in Goldmember (New Line),7/26/02,Jul,213243496.00,2002
112,134,91,20,23,300 (Warner Bros.),3/9/07,Mar,210614690.00,2007
113,59,2,6,1,Back to the Future (Universal),7/3/85,Jul,210609043.00,1985
114,142,41,28,6,Fast Five (Universal),4/29/11,Apr,209837675.00,2011
115,194,13,35,1,Mission: Impossible - Ghost Protocol (Paramount),12/16/11,Dec,209397903.00,2011
116,137,45,30,11,Wedding Crashers (New Line),7/15/05,Jul,209218166.00,2005
117,161,68,22,18,Sherlock Holmes (Warner Bros.),12/25/09,Dec,209028670.00,2009
118,224,39,28,17,Batman Begins (Warner Bros.),6/15/05,Jun,206852432.00,2005
119,182,40,36,7,Charlie and the Chocolate Factory (Warner Bros.),7/15/05,Jul,206459266.00,2005
120,211,8,43,1,Ratatouille (Disney),6/29/07,Jun,206445374.00,2007
121,43,42,11,9,Austin Powers: The Spy Who Shagged Me (New Line),6/11/99,Jun,206040556.00,1999
122,45,1,10,1,Terminator 2: Judgment Day (TriStar),7/3/91,Jul,204843975.00,1991
123,45,7,7,2,The Exorcist (Warner Bros.),12/26/73,Dec,204671948.00,1973
124,66,73,15,19,The Mummy Returns (Universal),5/4/01,May,202019384.00,2001
125,32,50,3,16,Armageddon (Disney),7/1/98,Jul,201578020.00,1998
126,164,19,29,3,Tangled (Disney),11/24/10,Nov,200821936.00,2010
127,196,61,33,12,Superman Returns (Warner Bros.),6/28/06,Jun,200081220.00,2006
128,64,3,15,2,Gone with the Wind (MGM),12/15/39,Dec,198676568.00,1939
129,42,124,7,30,Pearl Harbor (Disney),5/25/01,May,198542513.00,2001
130,150,59,24,15,Monsters vs. Aliens (Paramount / DreamWorks),3/27/09,Mar,198351649.00,2009
131,120,41,31,6,Happy Feet (Warner Bros.),11/17/06,Nov,198000841.00,2006
132,50,6,5,2,Indiana Jones and the Last Crusade (Paramount),5/24/89,May,197171932.00,1989
133,71,87,11,23,Ice Age: Dawn of the Dinosaurs (Fox),7/1/09,Jul,196573063.00,2009
134,82,61,18,11,Ice Age: The Meltdown (Fox),3/31/06,Mar,195330482.00,2006
135,102,83,14,23,Madagascar (DreamWorks),5/27/05,May,193595331.00,2005
136,101,105,21,18,Twilight (2008) (Summit),11/21/08,Nov,192769480.00,2008
137,76,0,18,0,Toy Story (Disney),11/22/95,Nov,191796910.00,1995
138,76,123,17,20,Cars 2 (Disney),6/24/11,Jun,191452396.00,2011
139,75,118,14,21,Men in Black II (Sony / Columbia),7/3/02,Jul,190418608.00,2002
140,45,10,9,2,Grease (Paramount),6/16/78,Jun,188389752.00,1978
141,125,35,27,10,Gladiator (2000) (DreamWorks),5/5/00,May,187705497.00,2000
142,122,80,17,21,Sherlock Holmes: A Game of Shadows (Warner Bros.),12/16/11,Dec,186848418.00,2011
143,95,115,18,25,The Day After Tomorrow (Fox),5/28/04,May,186740702.00,2004
144,119,86,18,22,Mr. & Mrs. Smith (2005) (Fox),6/10/05,Jun,186336564.00,2005
145,39,1,6,0,Snow White and the Seven Dwarfs (Disney / RKO),12/21/37,Dec,184925342.00,1937
146,40,11,7,3,Dances with Wolves (Orion),11/9/90,Nov,184208763.00,1990
147,24,34,10,4,Batman Forever (Warner Bros.),6/16/95,Jun,184134515.00,1995
148,50,3,9,0,The Fugitive (1993) (Warner Bros.),8/6/93,Aug,183875616.00,1993
149,137,31,29,5,Ocean's Eleven (Warner Bros.),12/7/01,Dec,183417424.00,2001
150,176,20,34,7,The Simpsons Movie (Fox),7/27/07,Jul,183135831.00,2007
151,65,56,22,12,What Women Want (2000) (Paramount),12/15/00,Dec,182811707.00,2000
152,106,82,22,18,The Polar Express (Warner Bros.),11/10/04,Nov,182704446.00,2004
153,62,70,12,16,The Perfect Storm (Warner Bros.),6/30/00,Jun,182618117.00,2000
154,43,10,14,2,Liar Liar (Universal),3/21/97,Mar,181410469.00,1997
155,78,79,9,23,Jurassic Park III (Universal),7/18/01,Jul,181171459.00,2001
156,197,59,26,14,Thor (Paramount),5/6/11,May,181030624.00,2011
157,30,19,10,9,Mission: Impossible (Paramount),5/22/96,May,180981223.00,1996
158,70,86,10,22,Planet of the Apes (2001) (Fox),7/27/01,Jul,180011204.00,2001
159,96,54,18,12,Madagascar: Escape 2 Africa (Paramount / DreamWorks),11/7/08,Nov,180010757.00,2008
160,94,158,8,36,X-Men Origins: Wolverine (Fox),5/1/09,May,179879302.00,2009
161,51,9,4,3,Indiana Jones and the Temple of Doom (Paramount),5/23/84,May,179870426.00,1984
162,124,55,22,13,Hitch (Sony / Columbia),2/11/05,Feb,179495994.00,2005
163,154,67,25,10,Men in Black 3 (Sony / Columbia),5/25/12,May,179020854.00,2012
164,34,21,6,3,Pretty Woman (Disney),3/23/90,Mar,178406922.00,1990
165,70,93,13,19,Night at the Museum: Battle of the Smithsonian (Fox),5/22/09,May,177241680.00,2009
166,35,5,6,0,Tootsie (Columbia),12/17/82,Dec,177200382.00,1982
167,20,20,2,4,Top Gun (Paramount),5/16/86,May,176786720.00,1986
168,201,42,33,9,Rise of the Planet of the Apes (Fox),8/5/11,Aug,176760185.00,2011
169,172,45,31,10,Captain America: The First Avenger (Paramount),7/22/11,Jul,176654505.00,2011
170,133,66,22,12,The Karate Kid (2010) (Sony / Columbia),6/11/10,Jun,176591618.00,2010
171,68,14,19,5,There's Something About Mary (Fox),7/15/98,Jul,176489373.00,1998
172,126,38,25,9,Ice Age (Fox),3/15/02,Mar,176387755.00,2002
173,152,36,30,10,The Bourne Supremacy (Universal),7/23/04,Jul,176241271.00,2004
174,23,3,1,1,Crocodile Dundee (Paramount),9/26/86,Sep,174803471.00,1986
175,67,2,16,1,Apollo 13 (Universal),6/30/95,Jun,173837410.00,1995
176,6,19,2,1,Home Alone 2: Lost in New York (Fox),11/20/92,Nov,173585649.00,1992
177,144,27,30,9,Elf (New Line),11/7/03,Nov,173398832.00,2003
178,75,94,12,25,National Treasure (Disney),11/19/04,Nov,173008217.00,2004
179,40,11,16,3,Air Force One (Sony / Columbia),7/25/97,Jul,172956394.00,1997
180,50,7,2,5,Rain Man (MGM/UA),12/16/88,Dec,172825476.00,1988
181,115,111,11,29,TRON: Legacy (Disney),12/17/10,Dec,172062763.00,2010
182,112,17,19,9,The Matrix (Warner Bros.),3/31/99,Mar,171479060.00,1999
183,90,12,23,4,Tarzan (Disney),6/16/99,Jun,171091147.00,1999
184,243,10,38,2,True Grit (2010) (Paramount),12/22/10,Dec,171050328.00,2010
185,143,40,30,7,A Beautiful Mind (Universal),12/21/01,Dec,170742924.00,2001
186,185,27,36,3,Chicago (Miramax),12/27/02,Dec,170687336.00,2002
187,150,47,28,13,The Help (Disney / DreamWorks),8/10/11,Aug,169708112.00,2011
188,211,23,34,4,Bridesmaids (Universal),5/13/11,May,169106725.00,2011
189,107,16,26,6,Wreck-It Ralph (Disney),11/2/12,Nov,168721592.00,2012
190,157,87,15,28,Quantum of Solace (Sony / Columbia),11/14/08,Nov,168365396.00,2008
191,21,120,3,33,Wild Hogs (Disney),3/2/07,Mar,168273303.00,2007
192,21,7,4,1,Three Men and a Baby (Disney),11/25/87,Nov,167780861.00,1987
193,208,12,44,2,Casino Royale (2006) (Sony / Columbia),11/17/06,Nov,167445579.00,2006
194,122,24,30,7,Meet the Parents (Universal),10/6/00,Oct,166244845.00,2000
195,92,144,12,26,2012 (Sony / Columbia),11/13/09,Nov,166166781.00,2009
196,17,12,2,1,Robin Hood: Prince of Thieves (Warner Bros.),6/14/91,Jun,165493447.00,1991
197,132,31,24,6,Kung Fu Panda 2 (Paramount / DreamWorks),5/26/11,May,165249063.00,2011
198,63,100,15,23,Hannibal (MGM),2/9/01,Feb,165092013.00,2001
199,186,8,39,4,Catch Me If You Can (2002) (DreamWorks),12/25/02,Dec,164615455.00,2002
200,79,103,16,18,The Proposal (Disney),6/19/09,Jun,163950545.00,2009
201,113,57,27,13,The Pursuit of Happyness (Sony / Columbia),12/15/06,Dec,163566344.00,2006
202,37,55,7,18,Big Daddy (Sony / Columbia),6/25/99,Jun,163479811.00,1999
203,67,170,13,25,Clash of the Titans (2010) (Warner Bros.),4/2/10,Apr,163214888.00,2010
204,42,8,2,3,The Sound of Music (Fox),3/2/65,Mar,163214076.00,1965
205,40,11,6,3,Batman Returns (Warner Bros.),6/19/92,Jun,162831945.00,1992
206,77,7,18,1,A Bug's Life (Disney),11/20/98,Nov,162798279.00,1998
207,16,145,3,30,Grown Ups (Sony / Columbia),6/25/10,Jun,162001186.00,2010
208,23,50,4,13,The Waterboy (Disney),11/6/98,Nov,161491939.00,1998
209,48,82,9,14,Ice Age: Continental Drift (Fox),7/13/12,Jul,161011391.00,2012
210,113,84,16,21,Die Another Day (MGM),11/22/02,Nov,160942810.00,2002
211,62,112,14,21,Shark Tale (DreamWorks),10/1/04,Oct,160861093.00,2004
212,44,4,4,1,The Sting (Universal),12/25/73,Dec,159616911.00,1973
213,39,13,4,5,The Firm (Paramount),7/2/93,Jul,158369885.00,1993
214,51,112,15,21,The Longest Yard (2005) (Paramount),5/27/05,May,158119106.00,2005
215,127,28,19,13,X-Men (Fox),7/14/00,Jul,157299255.00,2000
216,59,52,15,14,Scary Movie (Miramax / Dimension),7/7/00,Jul,157019603.00,2000
217,34,9,5,2,Fatal Attraction (Paramount),9/18/87,Sep,156645905.00,1987
218,56,67,13,17,What Lies Beneath (DreamWorks),7/21/00,Jul,155460041.00,2000
219,45,37,8,10,The Mummy (Universal),5/7/99,May,155385085.00,1999
220,47,125,7,24,Fast & Furious (Universal),4/3/09,Apr,155152236.00,2009
221,98,104,24,16,Snow White and the Huntsman (Universal),6/1/12,Jun,155136755.00,2012
222,123,42,24,12,Over the Hedge (Paramount / DreamWorks),5/19/06,May,155019902.00,2006
223,54,149,10,25,Fantastic Four (Fox),7/8/05,Jul,154696660.00,2005
224,103,28,28,6,Dr. Seuss' Horton Hears a Who! (Fox),3/14/08,Mar,154529598.00,2008
225,46,1,7,1,Who Framed Roger Rabbit (Disney),6/22/88,Jun,154112403.00,1988
226,50,9,18,2,Jerry Maguire (Sony / TriStar),12/13/96,Dec,153962324.00,1996
227,11,13,0,1,Beverly Hills Cop II (Paramount),5/20/87,May,153665069.00,1987
228,42,100,12,18,Scooby-Doo (Warner Bros.),6/14/02,Jun,153294080.00,2002
229,43,9,2,3,Gremlins (Warner Bros.),6/8/84,Jun,153083972.00,1984
230,87,88,22,21,Sex and the City (Warner Bros. / New Line),5/30/08,May,152647295.00,2008
231,38,45,10,17,Runaway Bride (Paramount),7/30/99,Jul,152257160.00,1999
232,9,22,0,2,Rambo: First Blood Part II (TriStar),5/22/85,May,150415193.00,1985
233,139,59,24,16,Terminator 3: Rise of the Machines (Warner Bros.),7/2/03,Jul,150371148.00,2003
234,54,103,6,20,G.I. Joe: The Rise of Cobra (Paramount),8/7/09,Aug,150201919.00,2009
235,116,23,19,3,Puss in Boots (2011) (Paramount / DreamWorks),10/28/11,Oct,149260504.00,2011
236,209,22,40,3,Knocked Up (Universal),6/1/07,Jun,148768421.00,2007
237,65,11,19,2,As Good as It Gets (Sony / TriStar),12/23/97,Dec,148478260.00,1997
238,14,130,1,28,Little Fockers (Universal),12/22/10,Dec,148438600.00,2010
239,126,47,23,9,Megamind (Paramount / DreamWorks),11/5/10,Nov,148415853.00,2010
240,132,51,29,12,Talladega Nights: The Ballad of Ricky Bobby (Sony / Columbia),8/4/06,Aug,148213093.00,2006
241,177,45,31,12,Gran Torino (Warner Bros.),12/12/08,Dec,148095382.00,2008
242,30,6,5,0,Lethal Weapon 2 (Warner Bros.),7/7/89,Jul,147307168.00,1989
243,210,31,29,12,X-Men: First Class (Fox),6/3/11,Jun,146408305.00,2011
244,37,76,8,19,Paul Blart: Mall Cop (Sony / Columbia),1/16/09,Jan,146336624.00,2009
245,33,13,5,4,True Lies (Fox),7/15/94,Jul,146282462.00,1994
246,124,21,23,7,Lilo & Stitch (Disney),6/21/02,Jun,145783422.00,2002
247,66,60,9,24,American Pie 2 (Universal),8/10/01,Aug,145103924.00,2001
248,98,70,15,21,Taken (Fox),1/30/09,Jan,145000403.00,2009
249,36,1,5,0,101 Dalmatians (1961) (Disney),1/25/61,Jan,144880212.00,1961
250,32,8,4,2,The Santa Clause (Disney),11/11/94,Nov,144833975.00,1994
251,113,81,18,19,"I, Robot (Fox)",7/16/04,Jul,144795113.00,2004
252,24,19,3,6,Lethal Weapon 3 (Warner Bros.),5/15/92,May,144731292.00,1992
253,76,69,21,13,The Fast and the Furious (Universal),6/22/01,Jun,144533907.00,2001
254,22,28,4,4,Doctor Dolittle (1998) (Fox),6/26/98,Jun,144156756.00,1998
255,96,81,17,23,Mamma Mia! (Universal),7/18/08,Jul,144130725.00,2008
256,58,76,10,16,Hotel Transylvania (Sony / Columbia),9/28/12,Sep,143923820.00,2012
257,102,40,18,8,Rio (2011) (Fox),4/15/11,Apr,143619809.00,2011
258,194,12,38,0,Juno (Fox Searchlight),12/5/07,Dec,143495248.00,2007
259,85,50,18,16,Marley & Me (Fox),12/25/08,Dec,143153015.00,2008
260,26,87,5,16,The Smurfs (Sony / Columbia),7/29/11,Jul,142614158.00,2011
261,86,92,12,21,XXX (Sony / Columbia),8/9/02,Aug,142109000.00,2002
262,125,62,24,15,The Chronicles of Narnia: Prince Caspian (Disney),5/16/08,May,141621918.00,2008
263,38,4,4,1,National Lampoon's Animal House (Universal),7/28/78,Jul,141600129.00,1978
264,29,23,10,4,Pocahontas (Disney),6/16/95,Jun,141579941.00,1995
265,35,8,8,1,A Few Good Men (Columbia),12/11/92,Dec,141340483.00,1992
266,212,14,38,2,Slumdog Millionaire (Fox Searchlight),11/12/08,Nov,141319441.00,2008
267,40,26,7,8,Rush Hour (New Line),9/18/98,Sep,141186224.00,1998
268,118,18,28,3,The Blair Witch Project (Artisan),7/14/99,Jul,140539251.00,1999
269,24,27,2,4,Deep Impact (Paramount),5/8/98,May,140464310.00,1998
270,30,127,7,24,Rush Hour 3 (New Line),8/10/07,Aug,140125005.00,2007
271,19,14,2,5,Look Who's Talking (TriStar),10/13/89,Oct,140088166.00,1989
272,64,33,17,13,Stuart Little (Sony / Columbia),12/17/99,Dec,140035011.00,1999
273,30,9,0,3,The Rocky Horror Picture Show (Fox),9/26/75,Sep,139876106.00,1975
274,15,6,2,1,Sister Act (Disney),5/29/92,May,139605188.00,1992
275,74,133,10,28,The Matrix Revolutions (Warner Bros.),11/5/03,Nov,139313424.00,2003
276,62,51,14,15,The Santa Clause 2 (Disney),11/1/02,Nov,139236262.00,2002
277,207,12,36,1,The King's Speech (Weinstein Company),11/26/10,Nov,138797449.00,2010
278,26,87,10,21,Cheaper by the Dozen (Fox),12/25/03,Dec,138614076.00,2003
279,37,125,6,34,Bad Boys II (Sony / Columbia),7/18/03,Jul,138608489.00,2003
280,39,6,7,3,Platoon (Orion),12/19/86,Dec,138530553.00,1986
281,174,31,33,5,21 Jump Street (Sony / Columbia),3/16/12,Mar,138447667.00,2012
282,67,2,16,0,Good Will Hunting (Miramax),12/5/97,Dec,138433880.00,1997
283,63,4,15,2,Star Wars: Special Edition (Fox),1/31/97,Jan,138257865.00,1997
284,33,123,8,22,Taken 2 (Fox),10/5/12,Oct,138132493.00,2012
285,100,86,17,16,Disney's A Christmas Carol (Disney),11/6/09,Nov,137785051.00,2009
286,79,43,20,11,Dinosaur (Disney),5/19/00,May,137748601.00,2000
287,54,112,11,26,Click (Sony / Columbia),6/23/06,Jun,137355347.00,2006
288,105,27,24,9,The Green Mile (Warner Bros.),12/10/99,Dec,136801509.00,1999
289,24,9,5,3,Ransom (Disney),11/8/96,Nov,136492894.00,1996
290,16,46,4,6,Godzilla (1998) (Sony / TriStar),5/20/98,May,136314861.00,1998
291,13,20,1,5,101 Dalmatians (1996) (Disney),11/27/96,Nov,136189436.00,1996
292,82,107,18,22,Anger Management (Sony / Columbia),4/11/03,Apr,135645721.00,2003
293,25,4,1,1,The Jungle Book (1967) (Disney),10/18/67,Oct,135475744.00,1967
294,58,101,9,26,Chicken Little (Disney),11/4/05,Nov,135386342.00,2005
295,17,22,4,3,Teenage Mutant Ninja Turtles (1990) (New Line),3/30/90,Mar,135265256.00,1990
296,13,43,4,13,Patch Adams (Universal),12/25/98,Dec,135026722.00,1998
297,76,0,14,0,The Godfather (Paramount),3/15/72,Mar,134966044.00,1972
298,147,72,22,18,The Incredible Hulk (Universal),6/13/08,Jun,134806396.00,2008
299,167,38,33,8,Live Free or Die Hard (Fox),6/27/07,Jun,134529431.00,2007
300,142,59,29,12,Wanted (2008) (Universal),6/27/08,Jun,134508730.00,2008
301,33,16,10,6,The Rock (Disney),6/7/96,Jun,134069199.00,1996
302,154,65,28,16,Mission: Impossible III (Paramount),5/5/06,May,134029548.00,2006
303,92,156,14,29,Angels & Demons (Sony / Columbia),5/15/09,May,133378559.00,2009
304,121,101,28,16,Troy (Warner Bros.),5/14/04,May,133378121.00,2004
305,9,63,2,17,Alvin and the Chipmunks: Chipwrecked (Fox),12/16/11,Dec,133110742.00,2011
306,50,97,12,21,Bringing Down the House (Disney),3/7/03,Mar,132716668.00,2003
307,212,17,43,3,The Departed (Warner Bros.),10/6/06,Oct,132384480.00,2006
308,141,87,23,20,Hulk (Universal),6/20/03,Jun,132175930.00,2003
309,38,2,5,0,Close Encounters of the Third Kind (Columbia),11/16/77,Nov,132088195.00,1977
310,207,19,35,4,Minority Report (Fox),6/21/02,Jun,132072987.00,2002
311,62,105,12,24,Fantastic Four: Rise of the Silver Surfer (Fox),6/15/07,Jun,131921992.00,2007
312,11,165,2,31,The Last Airbender (Paramount),7/1/10,Jul,131601062.00,2010
313,29,126,7,29,"Lara Croft, Tomb Raider (Paramount)",6/15/01,Jun,131168071.00,2001
314,52,2,10,1,The Silence of the Lambs (Orion),2/14/91,Feb,130742537.00,1991
315,23,8,3,1,"Honey, I Shrunk the Kids (Disney)",6/23/89,Jun,130724390.00,1989
316,9,32,2,5,The Flintstones (Universal),5/27/94,May,130560663.00,1994
317,34,32,6,7,Lethal Weapon 4 (Warner Bros.),7/10/98,Jul,130444242.00,1998
318,108,104,21,19,Get Smart (Warner Bros.),6/20/08,Jun,130319504.00,2008
319,167,43,34,10,American Gangster (Universal),11/2/07,Nov,130164472.00,2007
320,135,18,30,3,American Beauty (DreamWorks),9/15/99,Sep,130096097.00,1999
321,16,1,1,0,An Officer and a Gentleman (Paramount),7/28/82,Jul,129795263.00,1982
322,128,52,20,16,The Ring (DreamWorks),10/18/02,Oct,129128681.00,2002
323,35,19,14,2,The Nutty Professor (1996) (Universal),6/28/96,Jun,128814458.00,1996
324,193,18,42,1,Borat: Cultural Learnings of America for Make Benefit Glorious Nation of Kazakhstan (Fox),11/3/06,Nov,128505664.00,2006
325,113,64,25,11,Robots (Fox),3/11/05,Mar,128200217.00,2005
326,25,12,0,5,Coming to America (Paramount),6/29/88,Jun,128152468.00,1988
327,143,4,33,1,"Crouching Tiger, Hidden Dragon (Sony Pictures Classics)",12/8/00,Dec,128078605.00,2000
328,166,76,24,16,Shutter Island (Paramount),2/19/10,Feb,128012934.00,2010
329,15,19,0,4,Rocky IV (MGM/UA),11/27/85,Nov,127873963.00,1985
330,153,11,33,3,Enchanted (Disney),11/21/07,Nov,127807274.00,2007
331,168,64,29,10,The Curious Case of Benjamin Button (Paramount),12/25/08,Dec,127509575.00,2008
332,58,98,13,21,Sweet Home Alabama (Disney),9/27/02,Sep,127223533.00,2002
333,29,17,4,6,Dumb and Dumber (New Line),12/16/94,Dec,127175036.00,1994
334,56,99,13,21,2 Fast 2 Furious (Universal),6/6/03,Jun,127154156.00,2003
335,40,16,10,7,My Best Friend's Wedding (Sony / TriStar),6/20/97,Jun,127120017.00,1997
336,216,46,33,9,Super 8 (Paramount),6/9/11,Jun,127004179.00,2011
337,61,59,17,12,The World Is Not Enough (MGM),11/19/99,Nov,126943347.00,1999
338,20,5,0,1,Smokey and the Bandit (Universal),5/27/77,May,126737978.00,1977
339,32,13,6,5,Sleepless in Seattle (TriStar),6/25/93,Jun,126680160.00,1993
340,86,83,19,20,Bee Movie (Paramount / DreamWorks),11/2/07,Nov,126631177.00,2007
341,193,69,30,12,Prometheus (Fox),6/8/12,Jun,126477084.00,2012
342,34,121,6,26,Mr. Deeds (Sony / Columbia),6/28/02,Jun,126293861.00,2002
343,94,82,18,14,Safe House (Universal),2/10/12,Feb,126181630.00,2012
344,94,5,18,2,The Truman Show (Paramount),6/5/98,Jun,125618228.00,1998
345,119,23,31,4,Erin Brockovich (Universal),3/17/00,Mar,125595540.00,2000
346,98,78,23,16,Ocean's Twelve (Warner Bros.),12/10/04,Dec,125544296.00,2004
347,88,180,13,27,Terminator Salvation (Warner Bros.),5/21/09,May,125322732.00,2009
348,95,46,22,13,Charlie's Angels (Sony / Columbia),11/3/00,Nov,125305200.00,2000
349,36,27,5,9,Tomorrow Never Dies (MGM/UA),12/19/97,Dec,125304959.00,1997
350,18,12,1,1,Rocky III (MGM/UA),5/28/82,May,125049038.00,1982
351,36,88,7,21,The Vow (Sony / Screen Gems),2/10/12,Feb,125014030.00,2012
352,117,19,15,7,Cloudy with a Chance of Meatballs (Sony / Columbia),9/18/09,Sep,124869468.00,2009
353,140,45,36,8,The Devil Wears Prada (Fox),6/30/06,Jun,124740659.00,2006
354,116,48,30,10,Something's Gotta Give (Sony / Columbia),12/12/03,Dec,124728615.00,2003
355,143,13,37,3,Traffic (USA Films),12/27/00,Dec,124115702.00,2000
356,33,10,10,1,The Birdcage (MGM/UA),3/8/96,Mar,124060456.00,1996
357,27,3,3,0,City Slickers (Columbia),6/7/91,Jun,124033055.00,1991
358,33,4,3,1,"Good Morning, Vietnam (Disney)",12/23/87,Dec,123922029.00,1987
359,22,63,8,14,Nutty Professor II: The Klumps (Universal),7/28/00,Jul,123309442.00,2000
360,184,26,30,5,Rango (Paramount),3/4/11,Mar,123257581.00,2011
361,31,7,7,2,Clear and Present Danger (Paramount),8/3/94,Aug,122187590.00,1994
362,42,2,4,1,The Hunt for Red October (Paramount),3/2/90,Mar,122012815.00,1990
363,11,23,1,5,The Bodyguard (Warner Bros.),11/25/92,Nov,121945613.00,1992
364,39,7,5,2,Wayne's World (Paramount),2/14/92,Feb,121697730.00,1992
365,153,31,30,8,The Bourne Identity (Universal),6/14/02,Jun,121661607.00,2002
366,181,25,37,6,Superbad (Sony / Columbia),8/17/07,Aug,121463956.00,2007
367,38,4,7,2,Speed (Fox),6/10/94,Jun,121250167.00,1994
368,76,96,18,21,50 First Dates (Sony / Columbia),2/13/04,Feb,120908340.00,2004
369,62,10,10,4,Mulan (Disney),6/19/98,Jun,120620823.00,1998
370,235,31,33,11,Inglourious Basterds (Weinstein Company),8/21/09,Aug,120540835.00,2009
371,154,45,36,9,Seabiscuit (Universal),7/25/03,Jul,120277109.00,2003
372,47,161,7,32,Van Helsing (Universal),5/7/04,May,120150620.00,2004
373,36,107,5,23,Four Christmases (Warner Bros. / New Line),11/26/08,Nov,120146737.00,2008
374,22,134,5,31,I Now Pronounce You Chuck and Larry (Universal),7/20/07,Jul,120059537.00,2007
375,33,11,5,4,The Mask (New Line),7/29/94,Jul,119938168.00,1994
376,11,27,3,4,Hook (TriStar),12/11/91,Dec,119654006.00,1991
377,167,36,32,10,Walk the Line (Fox),11/18/05,Nov,119519615.00,2005
378,41,5,4,1,Blazing Saddles (Warner Bros.),2/7/74,Feb,119500420.00,1974
379,25,95,3,20,G-Force (Disney),7/24/09,Jul,119420515.00,2009
380,43,8,7,2,Total Recall (1990) (TriStar),6/1/90,Jun,119394451.00,1990
381,21,2,4,1,On Golden Pond (Universal),12/4/81,Dec,119285747.00,1981
382,151,42,26,7,The Other Guys (Sony / Columbia),8/6/10,Aug,119219978.00,2010
383,189,38,38,8,Fahrenheit 9/11 (Lionsgate),6/23/04,Jun,119194688.00,2004
384,99,69,17,19,The Sum of All Fears (Paramount),5/31/02,May,118907992.00,2002
385,194,19,43,1,Hairspray (2007) (New Line),7/20/07,Jul,118871811.00,2007
386,63,125,8,34,The Break-Up (Universal),6/2/06,Jun,118806665.00,2006
387,113,45,21,13,Lemony Snicket's A Series of Unfortunate Events (Paramount),12/17/04,Dec,118634891.00,2004
388,128,56,28,14,Blades of Glory (Paramount / DreamWorks),3/30/07,Mar,118594798.00,2007
389,27,15,2,4,Back to the Future Part II (Universal),11/22/89,Nov,118450207.00,1989
390,142,87,23,16,Salt (Sony / Columbia),7/23/10,Jul,118311368.00,2010
391,29,16,7,4,Basic Instinct (TriStar),3/20/92,Mar,117727662.00,1992
392,24,57,9,17,Big Momma's House (Fox),6/2/00,Jun,117559119.00,2000
393,30,16,5,3,Die Hard 2: Die Harder (Fox),7/4/90,Jul,117540159.00,1990
394,138,62,23,17,Horrible Bosses (Warner Bros. / New Line),7/8/11,Jul,117538559.00,2011
395,42,4,4,2,Rocky (United Artists),11/21/76,Nov,117235327.00,1976
396,66,38,7,13,Jackass 3D (Paramount),10/15/10,Oct,117229692.00,2010
397,137,59,27,18,Ocean's Thirteen (Warner Bros.),6/8/07,Jun,117154265.00,2007
398,78,85,15,25,S.W.A.T. (Sony / Columbia),8/8/03,Aug,116934901.00,2003
399,146,47,35,6,8 Mile (Universal),11/8/02,Nov,116750188.00,2002
400,21,63,4,18,Double Jeopardy (Paramount),9/24/99,Sep,116741272.00,1999
401,58,163,7,32,Green Lantern (Warner Bros.),6/17/11,Jun,116601172.00,2011
402,81,17,21,7,Notting Hill (Universal),5/28/99,May,116089296.00,1999
403,57,26,16,5,You've Got Mail (Warner Bros.),12/18/98,Dec,115821207.00,1998
404,36,99,7,15,Ghost Rider (Sony / Columbia),2/16/07,Feb,115802007.00,2007
405,96,36,21,12,Remember the Titans (Disney),9/29/00,Sep,115654030.00,2000
406,234,23,36,4,District 9 (Sony / TriStar),8/14/09,Aug,115649263.00,2009
407,9,13,0,0,The Karate Kid Part II (Columbia),6/20/86,Jun,115103443.00,1986
408,36,1,4,0,American Graffiti (Universal),8/1/73,Aug,115000796.00,1973
409,53,2,4,1,Big (Fox),6/3/88,Jun,114968482.00,1988
410,112,48,23,14,DodgeBall: A True Underdog Story (Fox),6/18/04,Jun,114326303.00,2004
411,88,116,19,22,The Village (Disney),7/30/04,Jul,114197961.00,2004
412,157,21,25,7,Bolt (Disney),11/21/08,Nov,114051154.00,2008
413,22,82,4,21,Wild Wild West (Warner Bros.),6/30/99,Jun,113805311.00,1999
414,148,38,34,3,Magic Mike (Warner Bros.),6/29/12,Jun,113721571.00,2012
415,24,16,1,6,The Addams Family (Paramount),11/22/91,Nov,113502255.00,1991
416,82,50,14,16,The Patriot (Sony / Columbia),6/28/00,Jun,113330349.00,2000
417,117,92,21,17,The Bourne Legacy (Universal),8/10/12,Aug,113203870.00,2012
418,26,102,5,28,The Pacifier (Disney),3/4/05,Mar,113086910.00,2005
419,44,62,14,18,Dr. Dolittle 2 (Fox),6/22/01,Jun,112952427.00,2001
420,95,75,22,14,It's Complicated (Universal),12/25/09,Dec,112735395.00,2009
421,117,9,26,1,Spy Kids (Miramax / Dimension),3/30/01,Mar,112719821.00,2001
422,18,17,3,2,Ghostbusters II (Columbia),6/16/89,Jun,112494410.00,1989
423,59,4,16,0,Face/Off (Paramount),6/27/97,Jun,112276698.00,1997
424,49,2,5,2,One Flew Over the Cuckoo's Nest (United Artists),11/20/75,Nov,112000194.00,1975
425,10,18,3,1,Twins (Universal),12/9/88,Dec,111936710.00,1988
426,62,75,12,19,Spy Kids 3D: Game Over (Miramax / Dimension),7/25/03,Jul,111761923.00,2003
427,28,5,3,2,Doctor Zhivago (MGM),12/22/65,Dec,111721461.00,1965
428,59,24,13,8,Enemy of the State (Disney),11/16/98,Nov,111549331.00,1998
429,47,5,6,1,The Little Mermaid (Disney),11/15/89,Nov,111543565.00,1989
430,7,15,0,1,Porky's (Fox),3/19/82,Mar,111289698.00,1982
431,139,75,23,19,The Last Samurai (Warner Bros.),12/5/03,Dec,111127463.00,2003
432,189,39,34,8,Tropic Thunder (Paramount / DreamWorks),8/13/08,Aug,110515566.00,2008
433,33,150,5,31,Valentine's Day (Warner Bros. / New Line),2/12/10,Feb,110486000.00,2010
434,62,93,9,25,The Grudge (Sony / Columbia),10/22/04,Oct,110359889.00,2004
435,38,94,9,23,Fun with Dick and Jane (2005) (Sony / Columbia),12/21/05,Dec,110332851.00,2005
436,129,18,31,5,Freaky Friday (2003) (Disney),8/6/03,Aug,110230337.00,2003
437,27,80,6,20,Bedtime Stories (Disney),12/25/08,Dec,110103441.00,2008
438,46,81,11,19,Scary Movie 3 (Miramax / Dimension),10/24/03,Oct,110003249.00,2003
439,32,6,5,2,Star Trek IV: The Voyage Home (Paramount),11/26/86,Nov,109713330.00,1986
440,154,26,32,5,The 40-Year-Old Virgin (Universal),8/19/05,Aug,109449551.00,2005
441,3,23,0,4,Crocodile Dundee II (Paramount),5/25/88,May,109306488.00,1988
442,18,137,4,26,Couples Retreat (Universal),10/9/09,Oct,109205246.00,2009
443,34,17,8,5,A Time to Kill (Warner Bros.),7/24/96,Jul,108766173.00,1996
444,129,41,28,11,Black Hawk Down (Sony / Columbia),12/28/01,Dec,108638655.00,2001
445,32,4,4,1,Terms of Endearment (Paramount),11/23/83,Nov,108423643.00,1983
446,8,16,1,2,Ace Ventura: When Nature Calls (Warner Bros.),11/10/95,Nov,108385989.00,1995
447,53,60,13,16,The Princess Diaries (Disney),8/3/01,Aug,108248940.00,2001
448,37,5,5,0,Superman II (Warner Bros.),6/19/81,Jun,108185706.00,1981
449,34,98,6,15,HOP (Universal),4/1/11,Apr,108085305.00,2011
450,55,3,15,1,Pulp Fiction (Miramax),10/14/94,Oct,107966964.00,1994
451,155,33,24,2,Paranormal Activity (Paramount),9/25/09,Sep,107918259.00,2009
452,164,17,41,2,Lincoln (Disney / DreamWorks),11/9/12,Nov,107687319.00,2012
453,37,8,6,3,A League of Their Own (Sony / Columbia),7/1/92,Jul,107533754.00,1992
454,185,103,21,26,Watchmen (Warner Bros.),3/6/09,Mar,107509220.00,2009
455,8,58,3,13,Batman and Robin (Warner Bros.),6/20/97,Jun,107325044.00,1997
456,20,6,3,1,The Towering Inferno (Fox),12/14/74,Dec,107082379.00,1974
457,233,34,36,6,Black Swan (Fox Searchlight),12/3/10,Dec,106954678.00,2010
458,69,32,14,8,Analyze This (Warner Bros.),3/5/99,Mar,106885341.00,1999
459,136,5,31,0,Chicken Run (DreamWorks),6/21/00,Jun,106834223.00,2000
460,48,67,8,20,Miss Congeniality (Warner Bros.),12/22/00,Dec,106807088.00,2000
461,40,9,9,5,GoldenEye (MGM/UA),11/17/95,Nov,106635441.00,1995
462,13,23,1,3,Indecent Proposal (Paramount),4/7/93,Apr,106633417.00,1993
463,34,9,8,0,Driving Miss Daisy (Warner Bros.),12/13/89,Dec,106593124.00,1989
464,13,10,4,0,Love Story (Paramount),12/16/70,Dec,106397305.00,1970
465,30,4,5,1,Kramer Vs. Kramer (Columbia),12/19/79,Dec,106260774.00,1979
466,129,49,33,8,The Italian Job (Paramount),5/30/03,May,106128873.00,2003
467,62,85,12,23,How to Lose a Guy in 10 Days (Paramount),2/7/03,Feb,105813213.00,2003
468,13,20,2,6,The First Wives Club (Paramount),9/20/96,Sep,105490552.00,1996
469,103,133,15,23,Robin Hood (Universal),5/14/10,May,105269730.00,2010
470,29,19,4,6,Interview with the Vampire (Warner Bros.),11/11/94,Nov,105264558.00,1994
471,29,23,11,4,George of the Jungle (Disney),7/16/97,Jul,105263112.00,1997
472,232,11,41,2,Argo (Warner Bros.),10/12/12,Oct,104955079.00,2012
473,42,6,5,2,The Graduate (AVCO Embassy),12/21/67,Dec,104901861.00,1967
474,17,17,1,5,Phenomenon (Disney),7/3/96,Jul,104636771.00,1996
475,84,68,15,20,American Wedding (Universal),8/1/03,Aug,104565856.00,2003
476,170,37,30,8,Road to Perdition (DreamWorks),7/12/02,Jul,104454531.00,2002
477,135,26,27,7,The Princess and the Frog (Disney),11/25/09,Nov,104408885.00,2009
478,76,80,14,15,The Chronicles of Narnia: The Voyage of the Dawn Treader (Fox),12/10/10,Dec,104386950.00,2010
479,35,90,9,26,Daddy Day Care (Sony / Columbia),5/9/03,May,104297626.00,2003
480,76,36,12,8,Paranormal Activity 3 (Paramount),10/21/11,Oct,104028807.00,2011
481,29,16,3,5,Dick Tracy (Disney),6/15/90,Jun,103928898.00,1990
482,51,74,7,19,Journey 2: The Mysterious Island (Warner Bros. / New Line),2/10/12,Feb,103860290.00,2012
483,156,44,40,6,Dreamgirls (Paramount / DreamWorks),12/15/06,Dec,103365783.00,2006
484,23,5,2,1,9 to 5 (Fox),12/19/80,Dec,103290458.00,1980
485,80,115,10,22,The Expendables (Lionsgate),8/13/10,Aug,103068524.00,2010
486,49,10,12,4,Scream (Miramax / Dimension),12/20/96,Dec,103046577.00,1996
487,25,107,8,24,Just Go With It (Sony / Columbia),2/11/11,Feb,103028109.00,2011
488,41,4,4,0,Bambi (Disney / RKO),8/13/42,Aug,102797843.00,1942
489,20,68,4,20,The General's Daughter (Paramount),6/18/99,Jun,102705012.00,1999
490,186,27,37,8,The Aviator (2004) (Miramax),12/17/04,Dec,102610027.00,2004
491,74,48,14,12,American Pie (Universal),7/9/99,Jul,102561837.00,1999
492,96,117,9,27,Daredevil (Fox),2/14/03,Feb,102543261.00,2003
493,188,30,34,9,The Girl with the Dragon Tattoo (2011) (Sony / Columbia),12/20/11,Dec,102515793.00,2011
494,22,146,3,32,The Mummy: Tomb of the Dragon Emperor (Universal),8/1/08,Aug,102491956.00,2008
495,41,2,6,1,In the Line of Fire (Columbia),7/9/93,Jul,102314245.00,1993
496,40,5,3,3,Butch Cassidy and the Sundance Kid (Fox),9/23/69,Sep,102308525.00,1969
497,39,0,3,0,Mary Poppins (Disney),8/29/64,Aug,102272145.00,1964
498,94,61,24,9,Journey to the Center of the Earth (Warner Bros. / New Line),7/11/08,Jul,101704710.00,2008
499,33,101,8,28,Gone in 60 Seconds (Disney),6/9/00,Jun,101648004.00,2000
500,28,10,7,0,Maverick (Warner Bros.),5/20/94,May,101641292.00,1994
501,7,25,1,7,Sleeping with the Enemy (Fox),2/8/91,Feb,101599971.00,1991
502,47,132,8,25,Eagle Eye (Paramount / DreamWorks),9/26/08,Sep,101440408.00,2008
503,66,18,18,7,The Prince of Egypt (DreamWorks),12/18/98,Dec,101413697.00,1998
504,59,14,17,1,Scream 2 (Miramax / Dimension),12/12/97,Dec,101363250.00,1997
505,10,5,0,1,Stir Crazy (Columbia),12/12/80,Dec,101300186.00,1980
506,16,29,5,7,Eraser (Warner Bros.),6/21/96,Jun,101295479.00,1996
507,58,2,9,2,Unforgiven (Warner Bros.),8/7/92,Aug,101157573.00,1992
508,16,134,5,33,Dr. Seuss' The Cat in the Hat (Universal),11/21/03,Nov,101149243.00,2003
509,34,28,3,9,Con Air (Disney),6/6/97,Jun,101117443.00,1997
510,85,41,20,10,Sleepy Hollow (Paramount),11/19/99,Nov,101071535.00,1999
511,194,31,37,8,Collateral (DreamWorks),8/6/04,Aug,101005089.00,2004
512,39,23,8,10,Contact (Warner Bros.),7/11/97,Jul,100920014.00,1997
513,76,99,17,22,Charlie's Angels: Full Throttle (Sony / Columbia),6/27/03,Jun,100830600.00,2003
514,25,23,3,4,The Pelican Brief (Warner Bros.),12/17/93,Dec,100768871.00,1993
515,66,97,9,25,Vanilla Sky (Paramount),12/14/01,Dec,100618362.00,2001
516,72,110,14,20,Due Date (Warner Bros.),11/5/10,Nov,100539043.00,2010
517,29,20,8,4,The Rugrats Movie (Paramount),11/20/98,Nov,100494124.00,1998
518,206,19,39,2,Million Dollar Baby (Warner Bros.),12/15/04,Dec,100492507.00,2004
519,12,3,0,1,Airport (Universal),3/5/70,Mar,100489626.00,1970
520,16,16,2,4,Jumanji (Sony / TriStar),12/15/95,Dec,100475644.00,1995
521,99,81,17,19,Step Brothers (Sony / Columbia),7/25/08,Jul,100468110.00,2008
522,45,148,4,37,Evan Almighty (Universal),6/22/07,Jun,100462174.00,2007
523,16,20,3,7,Casper (Universal),5/26/95,May,100328606.00,1995
524,95,7,23,2,Shakespeare in Love (Miramax),12/11/98,Dec,100317300.00,1998
525,76,96,10,26,Bad Teacher (Sony / Columbia),6/24/11,Jun,100292856.00,2011
526,13,85,3,14,Yogi Bear (Warner Bros.),12/17/10,Dec,100246011.00,2010
527,103,130,20,20,Cowboys & Aliens (Universal),7/29/11,Jul,100240551.00,2011
528,46,8,11,6,Seven (New Line),9/22/95,Sep,100192215.00,1995
529,36,13,9,6,The Hunchback of Notre Dame (Disney),6/21/96,Jun,100138341.00,1996
530,37,3,7,0,Parenthood (Universal),8/2/89,Aug,100047300.00,1989
531,67,116,15,23,You Don't Mess with the Zohan (Sony / Columbia),6/6/08,Jun,100018509.00,2008
532,23,22,6,5,Die Hard: With A Vengeance (Fox),5/19/95,May,100012089.00,1995
533,3,9,1,0,Hope Springs (2003) (Buena Vista),9/5/03,Sep,100000000.00,2003
534,65,52,13,11,Gnomeo and Juliet (Disney),2/11/11,Feb,99967670.00,2011
535,41,8,10,3,Hercules (1997) (Disney),6/15/97,Jun,99112451.00,1997
536,99,126,9,30,The Green Hornet (Sony / Columbia),1/14/11,Jan,98780042.00,2011
537,146,72,26,11,Date Night (Fox),4/9/10,Apr,98711404.00,2010
538,23,3,1,0,The Color Purple (Warner Bros.),12/20/85,Dec,98467390.00,1985
539,90,46,19,13,Meet the Robinsons (Disney),3/30/07,Mar,97822001.00,2007
540,69,83,13,19,Yes Man (Warner Bros.),12/19/08,Dec,97690540.00,2008
541,13,49,4,17,Inspector Gadget (Disney),7/23/99,Jul,97404796.00,1999
542,174,84,27,16,Public Enemies (Universal),7/1/09,Jul,97104669.00,2009
543,269,11,46,0,The Social Network (Sony / Columbia),10/1/10,Oct,96962694.00,2010
544,123,24,22,12,The Others (Miramax),8/10/01,Aug,96522181.00,2001
545,94,44,20,13,Legally Blonde (MGM),7/13/01,Jul,96520568.00,2001
546,138,42,25,10,Panic Room (Sony / Columbia),3/29/02,Mar,96397271.00,2002
547,58,2,10,0,Schindler's List (Universal),12/15/93,Dec,96065548.00,1993
548,45,8,4,3,Dead Poets Society (Disney),6/2/89,Jun,95860927.00,1989
549,11,112,2,28,Norbit (Paramount / DreamWorks),2/9/07,Feb,95673892.00,2007
550,158,65,38,5,Cold Mountain (Miramax),12/25/03,Dec,95636667.00,2003
551,27,3,4,1,Arthur (1981) (Orion),7/17/81,Jul,95461724.00,1981
552,13,23,2,7,Michael (1996) (New Line),12/25/96,Dec,95365052.00,1996
553,30,168,3,33,Sex and the City 2 (Warner Bros. / New Line),5/27/10,May,95347692.00,2010
554,30,84,10,18,The Princess Diaries 2: Royal Engagement (Disney),8/11/04,Aug,95170184.00,2004
555,108,51,19,15,Unbreakable (Disney),11/22/00,Nov,95011031.00,2000
556,92,99,16,20,The Book of Eli (Warner Bros.),1/15/10,Jan,94835000.00,2010
557,12,132,3,27,"10,000 B.C. (Warner Bros.)",3/7/08,Mar,94784291.00,2008
558,39,57,9,10,Beverly Hills Chihuahua (Disney),10/3/08,Oct,94516544.00,2008
559,84,10,14,1,The Lion King 3D (Disney),9/16/11,Sep,94242001.00,2011
560,159,53,35,11,Julie & Julia (Sony / Columbia),8/7/09,Aug,94237229.00,2009
561,35,4,3,1,Saturday Night Fever (Paramount),12/16/77,Dec,94213584.00,1977
562,56,12,11,3,The Mask of Zorro (Sony / TriStar),7/17/98,Jul,94095106.00,1998
563,57,88,10,23,Maid in Manhattan (Sony / Columbia),12/13/02,Dec,94011090.00,2002
564,65,92,12,27,He's Just Not That Into You (Warner Bros. / New Line),2/6/09,Feb,93953147.00,2009
565,175,32,39,3,Master and Commander: The Far Side of the World (Fox),11/14/03,Nov,93927903.00,2003
566,209,22,32,6,The Fighter (Paramount),12/10/10,Dec,93617009.00,2010
567,45,98,7,31,America's Sweethearts (Sony / Columbia),7/20/01,Jul,93607436.00,2001
568,68,100,9,28,The Bucket List (Warner Bros.),12/25/07,Dec,93466104.00,2007
569,62,53,12,19,Cats & Dogs (Warner Bros.),7/4/01,Jul,93385991.00,2001
570,50,70,10,21,Two Weeks Notice (Warner Bros.),12/20/02,Dec,93354363.00,2002
571,126,58,20,16,Red Dragon (Universal),10/4/02,Oct,93149728.00,2002
572,7,24,2,5,Flubber (Disney),11/26/97,Nov,92993178.00,1997
573,10,25,1,4,Flashdance (Paramount),4/15/83,Apr,92921550.00,1983
574,43,4,6,2,When Harry Met Sally... (Columbia),7/12/89,Jul,92823951.00,1989
575,198,13,35,3,The Town (Warner Bros.),9/17/10,Sep,92186262.00,2010
576,28,7,5,2,The Client (Warner Bros.),7/20/94,Jul,92115614.00,1994
577,48,4,12,1,Star Trek: First Contact (Paramount),11/22/96,Nov,92027176.00,1996
578,51,44,15,13,Think Like a Man (Sony / Screen Gems),4/20/12,Apr,91547205.00,2012
579,17,17,3,4,Kindergarten Cop (Universal),12/21/90,Dec,91457397.00,1990
580,15,74,3,21,The Haunting (DreamWorks),7/23/99,Jul,91411066.00,1999
581,40,6,10,1,Crimson Tide (Disney),5/12/95,May,91387359.00,1995
582,21,2,3,0,Back to School (Orion),6/13/86,Jun,91258863.00,1986
583,24,31,8,9,Stepmom (Sony / TriStar),12/25/98,Dec,91137264.00,1998
584,51,46,18,13,Save the Last Dance (Paramount),1/12/01,Jan,91057291.00,2001
585,54,79,8,20,The Scorpion King (Universal),4/19/02,Apr,91047236.00,2002
586,38,4,4,1,The Karate Kid (1984) (Columbia),6/22/84,Jun,90815022.00,1984
587,76,139,10,25,Prince of Persia: The Sands of Time (Disney),5/28/10,May,90759676.00,2010
588,84,4,23,1,Antz (DreamWorks),10/2/98,Oct,90757069.00,1998
589,46,80,10,13,Scary Movie 4 (Weinstein / Dimension),4/14/06,Apr,90710694.00,2006
590,28,72,9,14,The Game Plan (Disney),9/28/07,Sep,90648399.00,2007
591,47,50,9,15,"Me, Myself & Irene (Fox)",6/23/00,Jun,90570164.00,2000
592,83,44,18,9,High School Musical 3: Senior Year (Disney),10/24/08,Oct,90553861.00,2008
593,14,36,3,8,Tyler Perry's Madea Goes to Jail (Lionsgate),2/20/09,Feb,90508712.00,2009
594,92,25,23,5,Space Cowboys (Warner Bros.),8/4/00,Aug,90464838.00,2000
595,17,32,6,9,Space Jam (Warner Bros.),11/15/96,Nov,90418694.00,1996
596,34,4,4,1,Trading Places (Paramount),6/10/83,Jun,90404094.00,1983
597,137,55,21,13,Red (2010) (Summit),10/15/10,Oct,90380162.00,2010
598,57,93,16,22,"Legally Blonde 2: Red, White and Blonde (MGM)",7/2/03,Jul,90186092.00,2003
599,170,25,39,2,Mystic River (Warner Bros.),10/8/03,Oct,90135613.00,2003
600,65,107,13,23,Flightplan (Disney),9/23/05,Sep,89707451.00,2005
601,130,39,36,3,Flight (Paramount),11/2/12,Nov,89418704.00,2012
602,30,11,5,2,Father of the Bride (1991) (Disney),12/20/91,Dec,89325988.00,1991
603,108,19,25,8,The Emperor's New Groove (Disney),12/15/00,Dec,89302177.00,2000
604,40,71,10,16,Scream 3 (Miramax / Dimension),2/4/00,Feb,89143590.00,2000
605,22,146,3,30,The Ugly Truth (Sony / Columbia),7/24/09,Jul,88912869.00,2009
606,69,71,11,17,Percy Jackson and the Olympians: The Lightning Thief (Fox),2/12/10,Feb,88761720.00,2010
607,37,112,14,21,Failure to Launch (Paramount),3/10/06,Mar,88715628.00,2006
608,169,27,37,5,Inside Man (Universal),3/24/06,Mar,88634213.00,2006
609,193,9,38,3,The Muppets (Disney),11/23/11,Nov,88631237.00,2011
610,33,4,1,3,Lady and the Tramp (Disney),6/22/55,Jun,88300200.00,1955
611,21,28,8,2,Waterworld (Universal),7/28/95,Jul,88273624.00,1995
612,121,69,28,14,Starsky & Hutch (Warner Bros.),3/5/04,Mar,88237503.00,2004
613,39,115,8,29,Along Came Polly (Universal),1/16/04,Jan,88097819.00,2004
614,20,14,4,2,Out of Africa (Universal),12/20/85,Dec,88081471.00,1985
615,20,14,4,3,The Hand That Rocks the Cradle (Disney),1/10/92,Jan,88036322.00,1992
616,29,1,5,0,Cinderella (Disney / RKO),2/15/50,Feb,88000466.00,1950
617,30,11,3,5,Back to the Future Part III (Universal),5/25/90,May,87727501.00,1990
618,31,50,7,11,Entrapment (Fox),4/30/99,Apr,87704947.00,1999
619,20,4,2,1,Peter Pan (1953) (Disney / RKO),2/5/53,Feb,87404669.00,1953
620,131,61,24,15,Pineapple Express (Sony / Columbia),8/6/08,Aug,87341257.00,2008
621,13,1,2,0,Everest (MacGillivray Freeman),3/6/98,Mar,87178928.00,1998
622,41,75,6,21,Saw II (Lionsgate),10/28/05,Oct,87038814.00,2005
623,39,0,5,0,Pinocchio (1940) (Disney / RKO),2/9/40,Feb,87000862.00,1940
624,20,15,6,1,The Naked Gun 2 1/2: The Smell of Fear (Paramount),6/28/91,Jun,86930000.00,1991
625,118,61,21,15,The Campaign (Warner Bros.),8/10/12,Aug,86907746.00,2012
626,31,7,5,3,The War of the Roses (Fox),12/8/89,Dec,86888161.00,1989
627,0,0,0,0,To Fly! (MacGillivray Freeman),7/1/76,Jul,86712831.00,1976
628,20,3,7,2,Space Station 3D (IMAX),4/19/02,Apr,86658654.00,2002
629,6,18,0,2,The Amityville Horror (1979) (AIP),7/27/79,Jul,86432881.00,1979
630,31,2,9,0,Presumed Innocent (Warner Bros.),7/27/90,Jul,86303266.00,1990
631,45,3,4,0,Young Frankenstein (Fox),12/15/74,Dec,86273138.00,1974
632,146,29,32,9,Mean Girls (Paramount),4/30/04,Apr,86058328.00,2004
633,99,34,23,9,Spy Kids 2: The Island of Lost Dreams (Miramax / Dimension),8/7/02,Aug,85846314.00,2002
634,11,68,3,21,Pokemon: The First Movie (Warner Bros.),11/10/99,Nov,85744344.00,1999
635,123,83,20,14,Real Steel (Disney / DreamWorks),10/7/11,Oct,85468508.00,2011
636,85,40,23,11,The SpongeBob SquarePants Movie (Paramount),11/19/04,Nov,85417737.00,2004
637,29,3,2,2,The Ten Commandments (1956) (Paramount),10/5/56,Oct,85400591.00,1956
638,48,77,10,20,Brother Bear (Disney),10/24/03,Oct,85336840.00,2003
639,29,4,3,1,Stripes (Columbia),6/26/81,Jun,85297639.00,1981
640,130,66,25,13,Anchorman: The Legend of Ron Burgundy (DreamWorks),7/9/04,Jul,85288020.00,2004
641,4,9,0,0,Every Which Way But Loose (Warner Bros.),12/20/78,Dec,85196458.00,1978
642,17,7,2,1,Rocky II (United Artists),6/15/79,Jun,85182286.00,1979
643,49,0,7,0,Aliens (Fox),7/18/86,Jul,85160275.00,1986
644,48,52,13,12,Open Season (2006) (Sony / Columbia),9/29/06,Sep,85105336.00,2006
645,79,41,13,9,The Expendables 2 (Lionsgate),8/17/12,Aug,85028192.00,2012
646,11,27,5,8,Dangerous Minds (Disney),8/11/95,Aug,84919171.00,1995
647,75,53,14,11,Paranormal Activity 2 (Paramount),10/22/10,Oct,84752907.00,2010
648,150,81,18,25,The Hobbit: An Unexpected Journey (Warner Bros. / New Line),12/14/12,Dec,84617303.00,2012
649,19,5,0,1,The Poseidon Adventure (Fox),12/13/72,Dec,84563142.00,1972
650,10,55,3,13,The Santa Clause 3: The Escape Clause (Disney),11/3/06,Nov,84500847.00,2006
651,155,44,28,9,"Crazy, Stupid, Love (Warner Bros.)",7/29/11,Jul,84351197.00,2011
652,24,89,3,23,Scooby-Doo 2: Monsters Unleashed (Warner Bros.),3/26/04,Mar,84216081.00,2004
653,27,6,5,2,Cliffhanger (TriStar),5/28/93,May,84072433.00,1993
654,68,72,14,19,Atlantis: The Lost Empire (Disney),6/8/01,Jun,84056545.00,2001
655,44,25,8,7,The X-Files (Fox),6/19/98,Jun,83898841.00,1998
656,235,24,38,4,Up in the Air (Paramount),12/4/09,Dec,83775533.00,2009
657,13,7,1,0,Steel Magnolias (TriStar),11/15/89,Nov,83759353.00,1989
658,42,122,8,21,Wrath of the Titans (Warner Bros.),3/30/12,Mar,83670083.00,2012
659,18,6,3,1,Under Siege (Warner Bros.),10/9/92,Oct,83563456.00,1992
660,69,127,7,25,Battle: Los Angeles (Sony / Columbia),3/11/11,Mar,83552429.00,2011
661,40,73,6,16,Immortals (Relativity Media),11/11/11,Nov,83504017.00,2011
662,73,1,10,1,Apocalypse Now (United Artists),8/15/79,Aug,83471114.00,1979
663,52,1,5,0,Airplane! (Paramount),7/2/80,Jul,83453906.00,1980
664,22,8,0,6,Patriot Games (Paramount),6/5/92,Jun,83351979.00,1992
665,119,74,23,17,Valkyrie (MGM / United Artists),12/25/08,Dec,83077158.00,2008
666,203,31,40,4,Brokeback Mountain (Focus),12/9/05,Dec,83043252.00,2005
667,27,16,5,4,Disclosure (Warner Bros.),12/9/94,Dec,83015156.00,1994
668,47,3,5,3,Die Hard (Fox),7/15/88,Jul,83008695.00,1988
669,112,31,25,11,Charlotte's Web (2006) (Paramount),12/15/06,Dec,82985412.00,2006
670,26,137,5,36,Monster-in-Law (New Line),5/13/05,May,82931013.00,2005
671,13,101,3,29,Are We There Yet? (Sony / Columbia),1/21/05,Jan,82674758.00,2005
672,17,26,5,3,Days of Thunder (Paramount),6/27/90,Jun,82670017.00,1990
673,203,25,38,4,The Descendants (Fox Searchlight),11/16/11,Nov,82629097.00,2011
674,62,91,9,24,Freddy Vs. Jason (New Line),8/15/03,Aug,82622404.00,2003
675,20,7,6,1,Mr. Holland's Opus (Disney),12/29/95,Dec,82582528.00,1995
676,6,86,3,25,Cheaper by the Dozen 2 (Fox),12/21/05,Dec,82571249.00,2005
677,37,9,7,1,Bram Stoker's Dracula (Columbia),11/13/92,Nov,82522851.00,1992
678,19,4,4,0,Fried Green Tomatoes (Universal),12/27/91,Dec,82418729.00,1991
679,80,56,14,14,Blade II (New Line),3/22/02,Mar,82348173.00,2002
680,138,57,27,11,Beowulf (Paramount),11/16/07,Nov,82280066.00,2007
681,121,23,23,4,Bridge to Terabithia (Disney),2/16/07,Feb,82272124.00,2007
682,14,19,2,3,Star Trek: The Motion Picture (Paramount),12/7/79,Dec,82258086.00,1979
683,31,109,7,27,The Pink Panther (2006) (Sony / Columbia),2/10/06,Feb,82226975.00,2006
684,13,2,1,0,The Goodbye Girl (Warner Bros.),11/30/77,Nov,82000470.00,1977
685,10,9,0,0,Jaws 2 (Universal),6/16/78,Jun,81766987.00,1978
686,26,4,3,1,Heaven Can Wait (1978) (Paramount),6/28/78,Jun,81640699.00,1978
687,106,41,19,15,Eight Below (Disney),2/17/06,Feb,81612111.00,2006
688,34,4,3,1,M.A.S.H. (Fox),1/25/70,Jan,81600139.00,1970
689,155,25,30,4,Unstoppable (2010) (Fox),11/12/10,Nov,81562942.00,2010
690,39,34,10,11,Payback (1999) (Paramount),2/5/99,Feb,81526779.00,1999
691,105,22,25,7,The Talented Mr. Ripley (Paramount),12/25/99,Dec,81298221.00,1999
692,176,16,39,1,School of Rock (Paramount),10/3/03,Oct,81261961.00,2003
693,7,9,0,0,Police Academy (Warner Bros.),3/23/84,Mar,81198403.00,1984
694,19,61,4,15,Snow Dogs (Disney),1/18/02,Jan,81172036.00,2002
695,58,106,8,24,21 (Sony / Columbia),3/28/08,Mar,81159618.00,2008
696,37,6,11,2,While You Were Sleeping (Disney),4/21/95,Apr,81080198.00,1995
697,9,34,1,12,Congo (Paramount),6/9/95,Jun,81022888.00,1995
698,80,74,18,20,The Notebook (New Line),6/25/04,Jun,81001326.00,2004
699,56,19,12,6,Jimmy Neutron: Boy Genius (Paramount),12/21/01,Dec,80936187.00,2001
700,85,3,13,3,Alien (Fox),5/25/79,May,80931087.00,1979
701,4,17,0,2,Another 48 HRS. (Paramount),6/8/90,Jun,80818539.00,1990
702,38,3,6,1,Moonstruck (MGM),12/16/87,Dec,80640773.00,1987
703,71,122,14,23,Eat Pray Love (Sony / Columbia),8/13/10,Aug,80574010.00,2010
704,55,98,6,28,The Texas Chainsaw Massacre (2003) (New Line),10/17/03,Oct,80571616.00,2003
705,17,106,4,22,Zookeeper (Sony / Columbia),7/8/11,Jul,80360866.00,2011
706,30,111,1,24,Alien Vs. Predator (Fox),8/13/04,Aug,80282078.00,2004
707,36,95,9,24,What Happens in Vegas (Fox),5/9/08,May,80277334.00,2008
708,22,143,8,30,The Dukes of Hazzard (Warner Bros.),8/5/05,Aug,80270239.00,2005
709,40,20,8,4,The Wedding Singer (New Line),2/13/98,Feb,80245004.00,1998
710,23,62,1,17,Saw III (Lionsgate),10/27/06,Oct,80238282.00,2006
711,117,55,24,12,Disturbia (Paramount / DreamWorks),4/13/07,Apr,80209993.00,2007
712,66,98,13,24,Nacho Libre (Paramount),6/16/06,Jun,80197124.00,2006
713,26,136,1,37,Jumper (Fox),2/14/08,Feb,80172510.00,2008
714,151,45,26,10,Cloverfield (Paramount),1/18/08,Jan,80048167.00,2008
715,19,15,3,1,Footloose (1984) (Paramount),2/17/84,Feb,80035796.00,1984
716,39,96,6,24,Dear John (Sony / Screen Gems),2/5/10,Feb,80014842.00,2010
717,5,8,0,1,A Star Is Born (1976) (Warner Bros.),12/17/76,Dec,80000605.00,1976
718,46,2,6,0,Fantasia (Disney / RKO),11/13/40,Nov,80000076.00,1940